{"train_loss": [3.1510084248112684, 2.976448035640177, 2.9004733969704195, 2.8557838232324015], "val_perplexity": [18.5026754477185, 17.403368339207148, 16.93411457059021, 16.76290125049325], "val_accuracy": [0.4122080078125, 0.41983935546875, 0.4235419921875, 0.42505322265625], "val_semantic_sim": [0.75335294008255, 0.742640495300293, 0.7446492910385132, 0.7649492025375366]}