{"train_loss": [4.2708875906335635, 3.5706101870873637, 3.3958649155695255, 3.2966544069258235, 3.2301985270158373, 3.1810952444956695, 3.142972794372854, 3.1124804270721476], "val_perplexity": [33.60596336953379, 27.508635440273714, 25.160647247968942, 23.90631238742055, 23.143811973881267, 22.583157628288294, 22.18583301120471, 21.931900231267598], "val_accuracy": [0.34888916015625, 0.370774658203125, 0.381106201171875, 0.38748193359375, 0.3912978515625, 0.394218017578125, 0.397417236328125, 0.398718994140625], "val_semantic_sim": [0.7150196433067322, 0.7459596991539001, 0.7231413722038269, 0.7330570220947266, 0.7459110021591187, 0.7463960647583008, 0.725872278213501, 0.7355208992958069]}