{
    "train_loss": [4.404512042953137, 3.842712936277618, 3.716876789195239, 3.650613023805677, 3.6080675498749466, 3.577462931559478, 3.5544743821098117, 3.5362577735462413, 3.5213564826170995, 3.5090451365020994, 3.4987983735099766, 3.4898425731304528, 3.4818310641319803, 3.475269454812828, 3.469195948973188, 3.463760818855915, 3.458876273665733, 3.454689507219364, 3.450653421571272, 3.4470779494695933], 
    "val_perplexity": [40.79316173013885, 34.64468997439634, 32.30959542364389, 31.060529367706597, 30.145759620586063, 29.560240634099927, 29.096986915344917, 28.732987443280358, 28.42372727158831, 28.135709696332608, 28.021242065247513, 27.812125502975416, 27.69685828286127, 27.46767990147616, 27.388650151791673, 27.294041099597244, 27.207955354433352, 27.118992509059286, 26.979688169903724, 26.976271181098053], 
    "val_accuracy": [0.3286103515625, 0.3455634765625, 0.353155029296875, 0.35783984375, 0.3614560546875, 0.363660400390625, 0.365430419921875, 0.366897216796875, 0.367985107421875, 0.369427490234375, 0.369912841796875, 0.370563232421875, 0.3713349609375, 0.372363037109375, 0.37289453125, 0.3729365234375, 0.37306640625, 0.37384228515625, 0.3742900390625, 0.374388671875], 
    "val_semantic_sim": [0.7177122235298157, 0.7291951179504395, 0.7132000923156738, 0.7116793990135193, 0.7258023023605347, 0.7366031408309937, 0.7253195643424988, 0.7279829382896423, 0.7448594570159912, 0.7169963717460632, 0.7348402738571167, 0.7236865162849426, 0.7336744666099548, 0.7189995050430298, 0.7362307906150818, 0.7283647656440735, 0.711864173412323, 0.7373971939086914, 0.7471866607666016, 0.7398968935012817]
}